date,event,importance,no_school
2026-09-08,First Day of School,TRUE,FALSE
2026-10-12,Thanksgiving,FALSE,TRUE
2026-10-26,PA Day,FALSE,TRUE
2026-11-08,Diwali,FALSE,FALSE
2026-11-27,PA Day,FALSE,TRUE
2026-12-21,Winter Holiday,TRUE,TRUE
2026-12-22,,,TRUE
2026-12-23,,,TRUE
2026-12-24,,,TRUE
2026-12-25,,,TRUE
2026-12-28,,,TRUE
2026-12-29,,,TRUE
2026-12-30,,,TRUE
2026-12-31,,,TRUE
2027-01-01,,,TRUE
2027-01-04,Back to School,FALSE,FALSE
2027-01-22,PA Day,FALSE,TRUE
2027-02-06,Lunar New Year,FALSE,FALSE
2027-02-15,Family Day,FALSE,TRUE
2027-03-10,Eid al-Fitr,FALSE,FALSE
2027-03-14,Pi Day,FALSE,TRUE
2027-03-15,Spring Break,TRUE,TRUE
2027-03-16,,,TRUE
2027-03-17,,,TRUE
2027-03-18,,,TRUE
2027-03-19,,,TRUE
2027-03-22,Back to School,FALSE,FALSE
2027-03-26,Good Friday,FALSE,TRUE
2027-03-29,Easter Monday,FALSE,TRUE
2027-05-04,Star Wars Day,FALSE,FALSE
2027-05-24,Victoria Day,FALSE,TRUE
2027-06-04,PA Day,FALSE,TRUE
2027-06-16,Eid al-Adha,FALSE,FALSE
2027-06-29,Last Day of School,TRUE,FALSE